"","Runs","Mins","BF","4s","6s","SR","Pos","Dismissal","Inns","Opposition","Ground","Start Date","ha","result"
"1","11","92","-","-","0","-","6","lbw","1","v Sri Lanka","Chandigarh","23 Nov 1990",1,1
"2","50","158","118","6","0","42.37","4","caught","1","v England","Kolkata","29 Jan 1993",1,1
"3","9*","17","19","2","0","47.36","4","not out","4","v England","Kolkata","29 Jan 1993",1,1
"4","165","361","296","24","1","55.74","4","caught","1","v England","Chennai","11 Feb 1993",1,1
"5","78","285","213","10","0","36.61","4","lbw","2","v England","Mumbai","19 Feb 1993",1,1
"6","62","128","114","7","0","54.38","4","caught","1","v Zimbabwe","Delhi","13 Mar 1993",1,1
"7","142","260","224","22","0","63.39","4","caught","1","v Sri Lanka","Lucknow","18 Jan 1994",1,1
"8","96","180","140","15","0","68.57","4","bowled","1","v Sri Lanka","Bangalore","26 Jan 1994",1,1
"9","6","25","14","1","0","42.85","4","bowled","2","v Sri Lanka","Ahmedabad","8 Feb 1994",1,1
"10","34","70","43","7","0","79.06","4","lbw","1","v West Indies","Mumbai","18 Nov 1994",1,1
"11","85","178","130","10","1","65.38","5","caught","3","v West Indies","Mumbai","18 Nov 1994",1,1
"12","4","7","4","1","0","100.00","4","caught","2","v New Zealand","Bangalore","18 Oct 1995",1,1
"13","0*","3","0","0","0","-","4","not out","4","v New Zealand","Bangalore","18 Oct 1995",1,1
"14","10","12","11","2","0","90.90","4","caught","2","v Australia","Delhi","10 Oct 1996",1,1
"15","0","6","7","0","0","0.00","4","bowled","4","v Australia","Delhi","10 Oct 1996",1,1
"16","42","80","64","7","0","65.62","4","caught","1","v South Africa","Ahmedabad","20 Nov 1996",1,1
"17","7","43","33","1","0","21.21","4","caught","3","v South Africa","Ahmedabad","20 Nov 1996",1,1
"18","61","211","173","4","1","35.26","4","caught","1","v South Africa","Kanpur","8 Dec 1996",1,1
"19","36","129","98","4","0","36.73","5","caught","3","v South Africa","Kanpur","8 Dec 1996",1,1
"20","4","7","5","1","0","80.00","4","caught","1","v Australia","Chennai","6 Mar 1998",1,1
"21","155*","286","191","14","4","81.15","4","not out","3","v Australia","Chennai","6 Mar 1998",1,1
"22","79","109","86","12","2","91.86","4","caught","2","v Australia","Kolkata","18 Mar 1998",1,1
"23","6","13","11","1","0","54.54","4","lbw","1","v Pakistan","Delhi","4 Feb 1999",1,1
"24","29","99","65","4","0","44.61","4","caught","3","v Pakistan","Delhi","4 Feb 1999",1,1
"25","15","76","54","3","0","27.77","4","caught","2","v New Zealand","Kanpur","22 Oct 1999",1,1
"26","44*","58","39","8","0","112.82","4","not out","4","v New Zealand","Kanpur","22 Oct 1999",1,1
"27","122","283","233","19","0","52.36","4","caught","2","v Zimbabwe","Delhi","18 Nov 2000",1,1
"28","39","45","39","8","0","100.00","4","caught","4","v Zimbabwe","Delhi","18 Nov 2000",1,1
"29","10","25","18","2","0","55.55","4","lbw","2","v Australia","Kolkata","11 Mar 2001",1,1
"30","10","26","23","2","0","43.47","4","caught","3","v Australia","Kolkata","11 Mar 2001",1,1
"31","126","346","230","15","2","54.78","4","caught","2","v Australia","Chennai","18 Mar 2001",1,1
"32","17","27","17","3","0","100.00","4","caught","4","v Australia","Chennai","18 Mar 2001",1,1
"33","88","229","144","13","0","61.11","5","caught","2","v England","Mohali","3 Dec 2001",1,1
"34","DNB","-","-","-","-","-","-","-","4","v England","Mohali","3 Dec 2001",1,1
"35","176","440","316","23","0","55.69","4","caught","2","v Zimbabwe","Nagpur","21 Feb 2002",1,1
"36","36","124","119","5","0","30.25","4","lbw","2","v Zimbabwe","Delhi","28 Feb 2002",1,1
"37","42","78","52","7","1","80.76","5","lbw","4","v Zimbabwe","Delhi","28 Feb 2002",1,1
"38","35","96","88","5","0","39.77","4","caught","1","v West Indies","Mumbai","9 Oct 2002",1,1
"39","43","156","113","5","0","38.05","4","bowled","2","v West Indies","Chennai","17 Oct 2002",1,1
"40","16*","15","20","0","0","80.00","4","not out","4","v West Indies","Chennai","17 Oct 2002",1,1
"41","5","43","35","0","0","14.28","4","caught","1","v Australia","Mumbai","3 Nov 2004",1,1
"42","55","120","83","6","1","66.26","4","caught","3","v Australia","Mumbai","3 Nov 2004",1,1
"43","20","82","54","3","0","37.03","4","bowled","2","v South Africa","Kolkata","28 Nov 2004",1,1
"44","32*","73","64","3","1","50.00","4","not out","4","v South Africa","Kolkata","28 Nov 2004",1,1
"45","52","147","102","9","0","50.98","4","caught","1","v Pakistan","Kolkata","16 Mar 2005",1,1
"46","52","117","91","9","0","57.14","4","caught","3","v Pakistan","Kolkata","16 Mar 2005",1,1
"47","109","310","196","14","1","55.61","4","lbw","1","v Sri Lanka","Delhi","10 Dec 2005",1,1
"48","16","42","28","3","0","57.14","4","lbw","3","v Sri Lanka","Delhi","10 Dec 2005",1,1
"49","23","85","66","2","0","34.84","4","caught","1","v Sri Lanka","Ahmedabad","18 Dec 2005",1,1
"50","19","40","29","3","0","65.51","4","lbw","3","v Sri Lanka","Ahmedabad","18 Dec 2005",1,1
"51","4","20","15","0","0","26.66","4","caught","2","v England","Mohali","9 Mar 2006",1,1
"52","DNB","-","-","-","-","-","-","-","4","v England","Mohali","9 Mar 2006",1,1
"53","1","2","1","0","0","100.00","4","run out","2","v Pakistan","Delhi","22 Nov 2007",1,1
"54","56*","178","110","9","0","50.90","4","not out","4","v Pakistan","Delhi","22 Nov 2007",1,1
"55","88","186","111","10","0","79.27","4","caught","1","v Australia","Mohali","17 Oct 2008",1,1
"56","10*","16","12","1","0","83.33","5","not out","3","v Australia","Mohali","17 Oct 2008",1,1
"57","109","274","188","12","0","57.97","4","lbw","1","v Australia","Nagpur","6 Nov 2008",1,1
"58","12","90","55","1","0","21.81","4","run out","3","v Australia","Nagpur","6 Nov 2008",1,1
"59","37","90","48","4","1","77.08","4","caught","2","v England","Chennai","11 Dec 2008",1,1
"60","103*","317","196","9","0","52.55","4","not out","4","v England","Chennai","11 Dec 2008",1,1
"61","40","122","91","0","1","43.95","4","caught","1","v Sri Lanka","Kanpur","24 Nov 2009",1,1
"62","53","139","103","6","0","51.45","4","bowled","2","v Sri Lanka","Mumbai (BS)","2 Dec 2009",1,1
"63","106","266","206","12","0","51.45","4","caught","2","v South Africa","Kolkata","14 Feb 2010",1,1
"64","98","251","189","13","0","51.85","5","lbw","2","v Australia","Mohali","1 Oct 2010",1,1
"65","38","106","64","5","0","59.37","4","caught","4","v Australia","Mohali","1 Oct 2010",1,1
"66","214","547","363","22","2","58.95","4","bowled","2","v Australia","Bangalore","9 Oct 2010",1,1
"67","53*","125","77","5","2","68.83","4","not out","4","v Australia","Bangalore","9 Oct 2010",1,1
"68","61","162","129","8","0","47.28","4","caught","2","v New Zealand","Nagpur","20 Nov 2010",1,1
"69","7","25","18","1","0","38.88","4","lbw","2","v West Indies","Delhi","6 Nov 2011",1,1
"70","76","200","148","10","0","51.35","4","lbw","4","v West Indies","Delhi","6 Nov 2011",1,1
"71","38","74","71","5","0","53.52","4","caught","1","v West Indies","Kolkata","14 Nov 2011",1,1
"72","19","86","62","2","0","30.64","4","bowled","1","v New Zealand","Hyderabad (Deccan)","23 Aug 2012",1,1
"73","17","61","50","3","0","34.00","4","bowled","2","v New Zealand","Bangalore","31 Aug 2012",1,1
"74","27","78","34","5","0","79.41","4","bowled","4","v New Zealand","Bangalore","31 Aug 2012",1,1
"75","13","25","18","2","0","72.22","4","caught","1","v England","Ahmedabad","15 Nov 2012",1,1
"76","DNB","-","-","-","-","-","-","-","4","v England","Ahmedabad","15 Nov 2012",1,1
"77","81","257","159","7","0","50.94","4","bowled","2","v Australia","Chennai","22 Feb 2013",1,1
"78","13*","10","10","0","2","130.00","4","not out","4","v Australia","Chennai","22 Feb 2013",1,1
"79","7","32","15","1","0","46.66","4","caught","2","v Australia","Hyderabad (Deccan)","2 Mar 2013",1,1
"80","37","125","81","5","0","45.67","4","caught","2","v Australia","Mohali","14 Mar 2013",1,1
"81","21","71","23","2","0","91.30","4","run out","4","v Australia","Mohali","14 Mar 2013",1,1
"82","32","99","53","5","0","60.37","4","lbw","2","v Australia","Delhi","22 Mar 2013",1,1
"83","1","8","5","0","0","20.00","4","lbw","4","v Australia","Delhi","22 Mar 2013",1,1
"84","10","41","24","2","0","41.66","4","lbw","2","v West Indies","Kolkata","6 Nov 2013",1,1
"85","74","150","118","12","0","62.71","4","caught","2","v West Indies","Mumbai","14 Nov 2013",1,1
"86","40","72","55","9","0","72.72","4","caught","2","v West Indies","Mohali","10 Dec 1994",1,2
"87","10","38","24","2","0","41.66","4","caught","4","v West Indies","Mohali","10 Dec 1994",1,2
"88","18","91","62","3","0","29.03","4","bowled","2","v South Africa","Kolkata","27 Nov 1996",1,2
"89","2","28","25","0","0","8.00","4","caught","4","v South Africa","Kolkata","27 Nov 1996",1,2
"90","177","298","207","29","3","85.50","4","bowled","1","v Australia","Bangalore","25 Mar 1998",1,2
"91","31","75","64","4","0","48.43","4","caught","3","v Australia","Bangalore","25 Mar 1998",1,2
"92","0","5","3","0","0","0.00","4","caught","2","v Pakistan","Chennai","28 Jan 1999",1,2
"93","136","405","273","18","0","49.81","4","caught","4","v Pakistan","Chennai","28 Jan 1999",1,2
"94","0","2","1","0","0","0.00","5","bowled","2","v Pakistan","Kolkata","16 Feb 1999",1,2
"95","9","18","13","1","0","69.23","4","run out","4","v Pakistan","Kolkata","16 Feb 1999",1,2
"96","97","208","163","12","2","59.50","4","caught","1","v South Africa","Mumbai","24 Feb 2000",1,2
"97","8","20","11","2","0","72.72","4","lbw","3","v South Africa","Mumbai","24 Feb 2000",1,2
"98","21","120","76","3","0","27.63","4","caught","1","v South Africa","Bangalore","2 Mar 2000",1,2
"99","20","76","53","2","0","37.73","4","caught","3","v South Africa","Bangalore","2 Mar 2000",1,2
"100","76","138","114","13","0","66.66","4","caught","1","v Australia","Mumbai","27 Feb 2001",1,2
"101","65","153","107","11","0","60.74","5","caught","3","v Australia","Mumbai","27 Feb 2001",1,2
"102","8","49","36","0","0","22.22","4","lbw","2","v Australia","Nagpur","26 Oct 2004",1,2
"103","2","18","14","0","0","14.28","4","caught","4","v Australia","Nagpur","26 Oct 2004",1,2
"104","41","78","71","7","0","57.74","4","caught","2","v Pakistan","Bangalore","24 Mar 2005",1,2
"105","16","140","98","2","0","16.32","4","caught","4","v Pakistan","Bangalore","24 Mar 2005",1,2
"106","1","33","21","0","0","4.76","4","caught","2","v England","Mumbai","18 Mar 2006",1,2
"107","34","77","57","5","0","59.64","5","caught","4","v England","Mumbai","18 Mar 2006",1,2
"108","7","25","16","1","0","43.75","4","caught","2","v South Africa","Nagpur","6 Feb 2010",1,2
"109","100","275","179","13","0","55.86","4","bowled","3","v South Africa","Nagpur","6 Feb 2010",1,2
"110","8","14","12","1","0","66.66","4","bowled","1","v England","Mumbai","23 Nov 2012",1,2
"111","8","28","19","2","0","42.10","4","lbw","3","v England","Mumbai","23 Nov 2012",1,2
"112","76","202","155","13","0","49.03","4","caught","1","v England","Kolkata","5 Dec 2012",1,2
"113","5","17","6","1","0","83.33","4","caught","3","v England","Kolkata","5 Dec 2012",1,2
"114","179","414","322","24","1","55.59","4","caught","1","v West Indies","Nagpur","1 Dec 1994",1,4
"115","54","180","138","3","0","39.13","4","caught","3","v West Indies","Nagpur","1 Dec 1994",1,4
"116","52*","98","88","5","0","59.09","4","not out","1","v New Zealand","Chennai","25 Oct 1995",1,4
"117","2","8","8","0","0","25.00","4","bowled","1","v New Zealand","Cuttack","8 Nov 1995",1,4
"118","23","129","93","2","0","24.73","4","caught","2","v Sri Lanka","Mohali","19 Nov 1997",1,4
"119","15","38","20","1","1","75.00","4","bowled","1","v Sri Lanka","Nagpur","26 Nov 1997",1,4
"120","148","320","244","20","3","60.65","5","bowled","1","v Sri Lanka","Mumbai","3 Dec 1997",1,4
"121","13","28","16","1","0","81.25","4","caught","3","v Sri Lanka","Mumbai","3 Dec 1997",1,4
"122","18","61","34","3","0","52.94","4","bowled","1","v New Zealand","Mohali","10 Oct 1999",1,4
"123","126*","397","248","14","0","50.80","4","not out","3","v New Zealand","Mohali","10 Oct 1999",1,4
"124","217","494","344","29","0","63.08","4","caught","1","v New Zealand","Ahmedabad","29 Oct 1999",1,4
"125","15","16","10","3","0","150.00","2","bowled","3","v New Zealand","Ahmedabad","29 Oct 1999",1,4
"126","201*","392","281","27","0","71.53","4","not out","1","v Zimbabwe","Nagpur","25 Nov 2000",1,4
"127","103","254","197","12","1","52.28","4","caught","2","v England","Ahmedabad","11 Dec 2001",1,4
"128","26","87","81","4","0","32.09","4","caught","4","v England","Ahmedabad","11 Dec 2001",1,4
"129","90","263","198","13","0","45.45","4","stumped","2","v England","Bangalore","19 Dec 2001",1,4
"130","36","85","65","7","0","55.38","4","caught","1","v West Indies","Kolkata","30 Oct 2002",1,4
"131","176","419","298","26","0","59.06","4","caught","3","v West Indies","Kolkata","30 Oct 2002",1,4
"132","8","54","38","1","0","21.05","4","caught","1","v New Zealand","Ahmedabad","8 Oct 2003",1,4
"133","7","19","15","0","0","46.66","4","caught","3","v New Zealand","Ahmedabad","8 Oct 2003",1,4
"134","55","238","175","6","0","31.42","4","caught","2","v New Zealand","Mohali","16 Oct 2003",1,4
"135","1","15","10","0","0","10.00","4","bowled","3","v New Zealand","Mohali","16 Oct 2003",1,4
"136","3","21","18","0","0","16.66","4","bowled","2","v South Africa","Kanpur","20 Nov 2004",1,4
"137","94","301","202","11","0","46.53","4","caught","2","v Pakistan","Mohali","8 Mar 2005",1,4
"138","DNB","-","-","-","-","-","-","-","4","v Pakistan","Mohali","8 Mar 2005",1,4
"139","22","157","126","2","0","17.46","4","lbw","1","v Sri Lanka","Chennai","2 Dec 2005",1,4
"140","16","84","45","2","0","35.55","4","lbw","2","v England","Nagpur","1 Mar 2006",1,4
"141","28*","38","19","5","0","147.36","6","not out","4","v England","Nagpur","1 Mar 2006",1,4
"142","82","146","109","12","0","75.22","4","bowled","1","v Pakistan","Kolkata","30 Nov 2007",1,4
"143","DNB","-","-","-","-","-","-","-","3","v Pakistan","Kolkata","30 Nov 2007",1,4
"144","0","9","5","0","0","0.00","4","caught","2","v South Africa","Chennai","26 Mar 2008",1,4
"145","13","26","18","3","0","72.22","4","caught","2","v Australia","Bangalore","9 Oct 2008",1,4
"146","49","177","126","4","0","38.88","4","caught","4","v Australia","Bangalore","9 Oct 2008",1,4
"147","68","188","126","11","0","53.96","4","caught","1","v Australia","Delhi","29 Oct 2008",1,4
"148","47","159","120","4","0","39.16","5","caught","3","v Australia","Delhi","29 Oct 2008",1,4
"149","11","45","26","1","0","42.30","4","lbw","1","v England","Mohali","19 Dec 2008",1,4
"150","5","41","22","1","0","22.72","4","caught","3","v England","Mohali","19 Dec 2008",1,4
"151","4","3","3","1","0","133.33","4","bowled","1","v Sri Lanka","Ahmedabad","16 Nov 2009",1,4
"152","100*","298","211","11","0","47.39","5","not out","3","v Sri Lanka","Ahmedabad","16 Nov 2009",1,4
"153","40","168","133","5","0","30.07","4","caught","1","v New Zealand","Ahmedabad","4 Nov 2010",1,4
"154","12","27","25","2","0","48.00","4","bowled","3","v New Zealand","Ahmedabad","4 Nov 2010",1,4
"155","13","52","28","1","0","46.42","4","caught","2","v New Zealand","Hyderabad (Deccan)","12 Nov 2010",1,4
"156","DNB","-","-","-","-","-","-","-","4","v New Zealand","Hyderabad (Deccan)","12 Nov 2010",1,4
"157","94","219","153","8","2","61.43","4","caught","2","v West Indies","Mumbai","22 Nov 2011",1,4
"158","3","6","7","0","0","42.85","4","caught","4","v West Indies","Mumbai","22 Nov 2011",1,4
"159","2","25","13","0","0","15.38","4","bowled","2","v England","Nagpur","13 Dec 2012",1,4
"160","28","74","52","5","0","53.84","4","caught","1","v Sri Lanka","Colombo (SSC)","27 Jul 1993",2,1
"161","104*","217","161","11","1","64.59","4","not out","3","v Sri Lanka","Colombo (SSC)","27 Jul 1993",2,1
"162","18","63","41","1","0","43.90","5","caught","2","v Bangladesh","Dhaka","10 Nov 2000",2,1
"163","DNB","-","-","-","-","-","-","-","4","v Bangladesh","Dhaka","10 Nov 2000",2,1
"164","74","179","128","12","0","57.81","4","caught","2","v Zimbabwe","Bulawayo","7 Jun 2001",2,1
"165","36*","41","49","4","0","73.46","4","not out","4","v Zimbabwe","Bulawayo","7 Jun 2001",2,1
"166","117","356","260","14","0","45.00","4","lbw","1","v West Indies","Port of Spain","19 Apr 2002",2,1
"167","0","16","4","0","0","0.00","4","lbw","3","v West Indies","Port of Spain","19 Apr 2002",2,1
"168","193","434","330","19","3","58.48","4","lbw","1","v England","Leeds","22 Aug 2002",2,1
"169","1","15","6","0","0","16.66","4","caught","2","v Australia","Adelaide","12 Dec 2003",2,1
"170","37","79","59","5","0","62.71","4","lbw","4","v Australia","Adelaide","12 Dec 2003",2,1
"171","194*","493","348","21","0","55.74","4","not out","1","v Pakistan","Multan","28 Mar 2004",2,1
"172","1","6","3","0","0","33.33","4","caught","2","v Pakistan","Rawalpindi","13 Apr 2004",2,1
"173","248*","552","379","35","0","65.43","4","not out","2","v Bangladesh","Dhaka","10 Dec 2004",2,1
"174","36","79","55","6","0","65.45","4","lbw","1","v Bangladesh","Chittagong","17 Dec 2004",2,1
"175","44","113","89","7","0","49.43","4","caught","1","v South Africa","Johannesburg","15 Dec 2006",2,1
"176","14","43","22","3","0","63.63","4","bowled","3","v South Africa","Johannesburg","15 Dec 2006",2,1
"177","122*","354","226","8","1","53.98","4","not out","1","v Bangladesh","Dhaka","25 May 2007",2,1
"178","91","259","197","12","0","46.19","4","lbw","2","v England","Nottingham","27 Jul 2007",2,1
"179","1","17","15","0","0","6.66","4","caught","4","v England","Nottingham","27 Jul 2007",2,1
"180","71","175","128","9","0","55.46","4","lbw","1","v Australia","Perth","16 Jan 2008",2,1
"181","13","33","25","2","0","52.00","5","lbw","3","v Australia","Perth","16 Jan 2008",2,1
"182","5","5","3","1","0","166.66","4","lbw","1","v Sri Lanka","Galle","31 Jul 2008",2,1
"183","31","54","42","5","0","73.80","4","caught","3","v Sri Lanka","Galle","31 Jul 2008",2,1
"184","160","397","260","26","0","61.53","4","caught","2","v New Zealand","Hamilton","18 Mar 2009",2,1
"185","DNB","-","-","-","-","-","-","-","4","v New Zealand","Hamilton","18 Mar 2009",2,1
"186","105*","246","166","11","2","63.25","4","not out","1","v Bangladesh","Chittagong","17 Jan 2010",2,1
"187","16","47","26","2","0","61.53","5","lbw","3","v Bangladesh","Chittagong","17 Jan 2010",2,1
"188","143","259","182","13","1","78.57","4","caught","2","v Bangladesh","Dhaka","24 Jan 2010",2,1
"189","DNB","-","-","-","-","-","-","-","4","v Bangladesh","Dhaka","24 Jan 2010",2,1
"190","41","88","72","5","0","56.94","4","caught","2","v Sri Lanka","Colombo (PSS)","3 Aug 2010",2,1
"191","54","186","122","3","0","44.26","4","caught","4","v Sri Lanka","Colombo (PSS)","3 Aug 2010",2,1
"192","13","42","22","3","0","59.09","4","caught","1","v South Africa","Durban","26 Dec 2010",2,1
"193","6","22","10","1","0","60.00","4","caught","3","v South Africa","Durban","26 Dec 2010",2,1
"194","0","1","1","0","0","0.00","6","caught","2","v New Zealand","Christchurch","2 Feb 1990",2,2
"195","24","50","44","3","0","54.54","6","caught","3","v New Zealand","Christchurch","2 Feb 1990",2,2
"196","10","30","19","1","0","52.63","6","bowled","2","v England","Lord's","26 Jul 1990",2,2
"197","27","93","65","4","0","41.53","6","caught","4","v England","Lord's","26 Jul 1990",2,2
"198","16","47","42","3","0","38.09","6","bowled","1","v Australia","Brisbane","29 Nov 1991",2,2
"199","7","36","25","1","0","28.00","6","caught","3","v Australia","Brisbane","29 Nov 1991",2,2
"200","15","33","23","0","0","65.21","7","caught","1","v Australia","Melbourne","26 Dec 1991",2,2
"201","40","122","107","5","0","37.38","7","caught","3","v Australia","Melbourne","26 Dec 1991",2,2
"202","6","20","8","1","0","75.00","6","lbw","2","v Australia","Adelaide","25 Jan 1992",2,2
"203","17","36","29","2","0","58.62","4","lbw","4","v Australia","Adelaide","25 Jan 1992",2,2
"204","114","228","161","16","0","70.80","4","caught","2","v Australia","Perth","1 Feb 1992",2,2
"205","5","12","9","1","0","55.55","4","caught","4","v Australia","Perth","1 Feb 1992",2,2
"206","6","27","17","1","0","35.29","4","caught","1","v South Africa","Port Elizabeth","26 Dec 1992",2,2
"207","0","1","1","0","0","0.00","4","caught","3","v South Africa","Port Elizabeth","26 Dec 1992",2,2
"208","24","71","41","4","0","58.53","4","bowled","1","v England","Birmingham","6 Jun 1996",2,2
"209","122","263","177","19","1","68.92","4","caught","3","v England","Birmingham","6 Jun 1996",2,2
"210","15","58","45","2","0","33.33","4","bowled","2","v South Africa","Durban","26 Dec 1996",2,2
"211","4","32","25","1","0","16.00","4","caught","4","v South Africa","Durban","26 Dec 1996",2,2
"212","169","329","254","26","0","66.53","5","caught","2","v South Africa","Cape Town","2 Jan 1997",2,2
"213","9","38","28","1","0","32.14","5","caught","4","v South Africa","Cape Town","2 Jan 1997",2,2
"214","92","222","147","14","1","62.58","4","caught","2","v West Indies","Bridgetown","27 Mar 1997",2,2
"215","4","25","14","0","0","28.57","4","caught","4","v West Indies","Bridgetown","27 Mar 1997",2,2
"216","34","103","68","3","0","50.00","5","caught","2","v Zimbabwe","Harare","7 Oct 1998",2,2
"217","7","27","14","0","0","50.00","4","caught","4","v Zimbabwe","Harare","7 Oct 1998",2,2
"218","47","95","72","7","0","65.27","5","caught","1","v New Zealand","Wellington","26 Dec 1998",2,2
"219","113","200","151","13","2","74.83","5","caught","3","v New Zealand","Wellington","26 Dec 1998",2,2
"220","61","181","133","8","0","45.86","5","caught","2","v Australia","Adelaide","10 Dec 1999",2,2
"221","0","6","5","0","0","0.00","5","lbw","4","v Australia","Adelaide","10 Dec 1999",2,2
"222","116","283","191","9","1","60.73","4","caught","2","v Australia","Melbourne","26 Dec 1999",2,2
"223","52","162","122","4","0","42.62","4","lbw","4","v Australia","Melbourne","26 Dec 1999",2,2
"224","45","82","53","8","0","84.90","4","lbw","1","v Australia","Sydney","2 Jan 2000",2,2
"225","4","6","4","1","0","100.00","4","caught","3","v Australia","Sydney","2 Jan 2000",2,2
"226","20","78","46","2","1","43.47","4","bowled","1","v Zimbabwe","Harare","15 Jun 2001",2,2
"227","69","185","135","9","0","51.11","4","caught","3","v Zimbabwe","Harare","15 Jun 2001",2,2
"228","155","233","184","23","1","84.23","4","caught","1","v South Africa","Bloemfontein","3 Nov 2001",2,2
"229","15","60","35","2","0","42.85","4","caught","3","v South Africa","Bloemfontein","3 Nov 2001",2,2
"230","0","4","2","0","0","0.00","4","caught","1","v West Indies","Bridgetown","2 May 2002",2,2
"231","8","32","17","1","0","47.05","4","lbw","3","v West Indies","Bridgetown","2 May 2002",2,2
"232","41","94","63","7","0","65.07","4","bowled","2","v West Indies","Kingston","18 May 2002",2,2
"233","86","162","139","13","0","61.87","4","bowled","4","v West Indies","Kingston","18 May 2002",2,2
"234","16","94","61","2","0","26.22","5","caught","2","v England","Lord's","25 Jul 2002",2,2
"235","12","51","35","2","0","34.28","4","bowled","4","v England","Lord's","25 Jul 2002",2,2
"236","8","47","26","2","0","30.76","4","lbw","1","v New Zealand","Wellington","12 Dec 2002",2,2
"237","51","120","74","7","0","68.91","4","bowled","3","v New Zealand","Wellington","12 Dec 2002",2,2
"238","9","40","31","1","0","29.03","4","caught","1","v New Zealand","Hamilton","19 Dec 2002",2,2
"239","32","55","48","5","0","66.66","4","bowled","3","v New Zealand","Hamilton","19 Dec 2002",2,2
"240","0","3","1","0","0","0.00","4","caught","1","v Australia","Melbourne","26 Dec 2003",2,2
"241","44","107","79","5","0","55.69","5","caught","3","v Australia","Melbourne","26 Dec 2003",2,2
"242","2","10","6","0","0","33.33","4","lbw","1","v Pakistan","Lahore","5 Apr 2004",2,2
"243","8","17","11","1","0","72.72","4","lbw","3","v Pakistan","Lahore","5 Apr 2004",2,2
"244","23","49","29","5","0","79.31","4","bowled","2","v Pakistan","Karachi","29 Jan 2006",2,2
"245","26","74","47","5","0","55.31","4","bowled","4","v Pakistan","Karachi","29 Jan 2006",2,2
"246","63","173","115","11","0","54.78","4","caught","2","v South Africa","Durban","26 Dec 2006",2,2
"247","0","13","7","0","0","0.00","4","lbw","4","v South Africa","Durban","26 Dec 2006",2,2
"248","64","187","130","11","0","49.23","4","caught","1","v South Africa","Cape Town","2 Jan 2007",2,2
"249","14","88","62","1","0","22.58","5","lbw","3","v South Africa","Cape Town","2 Jan 2007",2,2
"250","62","113","77","7","1","80.51","4","bowled","2","v Australia","Melbourne","26 Dec 2007",2,2
"251","15","31","21","1","0","71.42","4","caught","4","v Australia","Melbourne","26 Dec 2007",2,2
"252","154*","429","243","14","1","63.37","4","not out","2","v Australia","Sydney","2 Jan 2008",2,2
"253","12","33","16","3","0","75.00","4","bowled","4","v Australia","Sydney","2 Jan 2008",2,2
"254","27","60","46","3","0","58.69","4","bowled","2","v Sri Lanka","Colombo (SSC)","23 Jul 2008",2,2
"255","12","42","30","1","0","40.00","4","caught","3","v Sri Lanka","Colombo (SSC)","23 Jul 2008",2,2
"256","6","18","12","0","0","50.00","4","lbw","1","v Sri Lanka","Colombo (PSS)","8 Aug 2008",2,2
"257","14","26","22","1","0","63.63","6","lbw","3","v Sri Lanka","Colombo (PSS)","8 Aug 2008",2,2
"258","8","29","21","1","0","38.09","4","lbw","2","v Sri Lanka","Galle","18 Jul 2010",2,2
"259","84","168","142","11","1","59.15","4","lbw","3","v Sri Lanka","Galle","18 Jul 2010",2,2
"260","36","61","34","8","0","105.88","4","lbw","1","v South Africa","Centurion","16 Dec 2010",2,2
"261","111*","327","241","13","1","46.05","5","not out","3","v South Africa","Centurion","16 Dec 2010",2,2
"262","34","90","58","6","0","58.62","4","caught","2","v England","Lord's","21 Jul 2011",2,2
"263","12","84","68","1","0","17.64","5","lbw","4","v England","Lord's","21 Jul 2011",2,2
"264","16","33","34","3","0","47.05","4","caught","2","v England","Nottingham","29 Jul 2011",2,2
"265","56","136","86","8","0","65.11","4","lbw","4","v England","Nottingham","29 Jul 2011",2,2
"266","1","10","8","0","0","12.50","4","caught","1","v England","Birmingham","10 Aug 2011",2,2
"267","40","92","60","8","0","66.66","4","run out","3","v England","Birmingham","10 Aug 2011",2,2
"268","23","65","34","4","0","67.64","4","caught","2","v England","The Oval","18 Aug 2011",2,2
"269","91","235","172","11","0","52.90","4","lbw","3","v England","The Oval","18 Aug 2011",2,2
"270","73","151","98","8","1","74.48","4","bowled","2","v Australia","Melbourne","26 Dec 2011",2,2
"271","32","73","46","4","0","69.56","4","caught","4","v Australia","Melbourne","26 Dec 2011",2,2
"272","41","133","89","8","0","46.06","4","bowled","1","v Australia","Sydney","3 Jan 2012",2,2
"273","80","213","141","9","0","56.73","4","caught","3","v Australia","Sydney","3 Jan 2012",2,2
"274","15","46","25","3","0","60.00","4","lbw","1","v Australia","Perth","13 Jan 2012",2,2
"275","8","22","16","1","0","50.00","4","lbw","3","v Australia","Perth","13 Jan 2012",2,2
"276","25","94","69","3","0","36.23","4","caught","2","v Australia","Adelaide","24 Jan 2012",2,2
"277","13","46","34","2","0","38.23","4","caught","4","v Australia","Adelaide","24 Jan 2012",2,2
"278","15","28","24","2","0","62.50","6","bowled","2","v Pakistan","Karachi","15 Nov 1989",2,4
"279","DNB","-","-","-","-","-","-","-","4","v Pakistan","Karachi","15 Nov 1989",2,4
"280","59","254","172","4","0","34.30","6","lbw","1","v Pakistan","Faisalabad","23 Nov 1989",2,4
"281","8","24","16","1","0","50.00","6","run out","3","v Pakistan","Faisalabad","23 Nov 1989",2,4
"282","41","124","90","5","0","45.55","7","bowled","1","v Pakistan","Lahore","1 Dec 1989",2,4
"283","35","74","51","5","0","68.62","6","lbw","1","v Pakistan","Sialkot","9 Dec 1989",2,4
"284","57","193","134","6","0","42.53","6","caught","3","v Pakistan","Sialkot","9 Dec 1989",2,4
"285","88","324","266","5","0","33.08","6","caught","1","v New Zealand","Napier","9 Feb 1990",2,4
"286","5","15","13","1","0","38.46","6","caught","2","v New Zealand","Auckland","22 Feb 1990",2,4
"287","DNB","-","-","-","-","-","-","-","4","v New Zealand","Auckland","22 Feb 1990",2,4
"288","68","216","136","8","0","50.00","6","caught","2","v England","Manchester","9 Aug 1990",2,4
"289","119*","225","189","17","0","62.96","6","not out","4","v England","Manchester","9 Aug 1990",2,4
"290","21","39","30","3","0","70.00","7","caught","1","v England","The Oval","23 Aug 1990",2,4
"291","148*","298","213","14","0","69.48","6","not out","2","v Australia","Sydney","2 Jan 1992",2,4
"292","0","4","3","0","0","0.00","4","caught","2","v Zimbabwe","Harare","18 Oct 1992",2,4
"293","11","35","24","1","0","45.83","4","run out","2","v South Africa","Durban","13 Nov 1992",2,4
"294","111","373","270","19","0","41.11","4","caught","2","v South Africa","Johannesburg","26 Nov 1992",2,4
"295","1","6","5","0","0","20.00","4","lbw","4","v South Africa","Johannesburg","26 Nov 1992",2,4
"296","73","272","208","8","1","35.09","5","caught","2","v South Africa","Cape Town","2 Jan 1993",2,4
"297","DNB","-","-","-","-","-","-","-","4","v South Africa","Cape Town","2 Jan 1993",2,4
"298","TDNB","-","-","-","-","-","-","-","-","v Sri Lanka","Kandy","17 Jul 1993",2,4
"299","71","202","152","10","0","46.71","4","caught","2","v Sri Lanka","Colombo (PSS)","4 Aug 1993",2,4
"300","43","55","47","7","0","91.48","4","caught","2","v New Zealand","Hamilton","19 Mar 1994",2,4
"301","11*","57","42","0","0","26.19","4","not out","4","v New Zealand","Hamilton","19 Mar 1994",2,4
"302","31","81","59","5","0","52.54","4","bowled","2","v England","Lord's","20 Jun 1996",2,4
"303","177","462","360","26","0","49.16","4","caught","1","v England","Nottingham","4 Jul 1996",2,4
"304","74","111","97","11","1","76.28","4","caught","3","v England","Nottingham","4 Jul 1996",2,4
"305","35","72","55","7","0","63.63","4","caught","1","v South Africa","Johannesburg","16 Jan 1997",2,4
"306","9","13","11","2","0","81.81","4","caught","3","v South Africa","Johannesburg","16 Jan 1997",2,4
"307","7","40","30","1","0","23.33","4","bowled","2","v West Indies","Kingston","6 Mar 1997",2,4
"308","15*","43","36","1","0","41.66","4","not out","4","v West Indies","Kingston","6 Mar 1997",2,4
"309","88","306","233","9","0","37.76","4","run out","2","v West Indies","Port of Spain","14 Mar 1997",2,4
"310","DNB","-","-","-","-","-","-","-","2","v West Indies","St John's","4 Apr 1997",2,4
"311","83","287","231","9","0","35.93","4","caught","1","v West Indies","Georgetown","17 Apr 1997",2,4
"312","143","292","247","20","0","57.89","4","caught","1","v Sri Lanka","Colombo (RPS)","2 Aug 1997",2,4
"313","139","397","266","16","0","52.25","4","caught","2","v Sri Lanka","Colombo (SSC)","9 Aug 1997",2,4
"314","8","43","44","1","0","18.18","4","caught","4","v Sri Lanka","Colombo (SSC)","9 Aug 1997",2,4
"315","67","118","93","9","1","72.04","4","lbw","2","v New Zealand","Hamilton","2 Jan 1999",2,4
"316","DNB","-","-","-","-","-","-","-","4","v New Zealand","Hamilton","2 Jan 1999",2,4
"317","53","94","54","10","0","98.14","4","caught","1","v Sri Lanka","Colombo (SSC)","24 Feb 1999",2,4
"318","124*","308","235","10","1","52.76","4","not out","3","v Sri Lanka","Colombo (SSC)","24 Feb 1999",2,4
"319","1","10","4","0","0","25.00","4","caught","2","v South Africa","Port Elizabeth","16 Nov 2001",2,4
"320","22*","54","45","4","0","48.88","4","not out","4","v South Africa","Port Elizabeth","16 Nov 2001",2,4
"321","79","191","136","13","0","58.08","4","lbw","2","v West Indies","Georgetown","11 Apr 2002",2,4
"322","0","2","1","0","0","0.00","4","caught","1","v West Indies","St John's","10 May 2002",2,4
"323","34","90","68","6","0","50.00","4","bowled","1","v England","Nottingham","8 Aug 2002",2,4
"324","92","160","113","17","0","81.41","4","bowled","3","v England","Nottingham","8 Aug 2002",2,4
"325","54","114","89","10","0","60.67","4","lbw","2","v England","The Oval","5 Sep 2002",2,4
"326","0","3","3","0","0","0.00","4","lbw","2","v Australia","Brisbane","4 Dec 2003",2,4
"327","DNB","-","-","-","-","-","-","-","4","v Australia","Brisbane","4 Dec 2003",2,4
"328","241*","613","436","33","0","55.27","4","not out","1","v Australia","Sydney","2 Jan 2004",2,4
"329","60*","108","89","5","0","67.41","4","not out","3","v Australia","Sydney","2 Jan 2004",2,4
"330","DNB","-","-","-","-","-","-","-","2","v Pakistan","Lahore","13 Jan 2006",2,4
"331","14","64","33","3","0","42.42","4","caught","2","v Pakistan","Faisalabad","21 Jan 2006",2,4
"332","DNB","-","-","-","-","-","-","-","4","v Pakistan","Faisalabad","21 Jan 2006",2,4
"333","101","274","169","9","0","59.76","4","caught","1","v Bangladesh","Chittagong","18 May 2007",2,4
"334","31","69","50","2","0","62.00","4","bowled","3","v Bangladesh","Chittagong","18 May 2007",2,4
"335","37","104","78","6","0","47.43","4","lbw","2","v England","Lord's","19 Jul 2007",2,4
"336","16","42","35","3","0","45.71","4","lbw","4","v England","Lord's","19 Jul 2007",2,4
"337","82","298","192","11","0","42.70","4","caught","1","v England","The Oval","9 Aug 2007",2,4
"338","1","13","11","0","0","9.09","4","bowled","3","v England","The Oval","9 Aug 2007",2,4
"339","153","342","205","13","3","74.63","4","caught","1","v Australia","Adelaide","24 Jan 2008",2,4
"340","13","67","36","1","0","36.11","4","run out","3","v Australia","Adelaide","24 Jan 2008",2,4
"341","49","98","65","7","1","75.38","5","caught","2","v New Zealand","Napier","26 Mar 2009",2,4
"342","64","167","131","9","1","48.85","4","caught","3","v New Zealand","Napier","26 Mar 2009",2,4
"343","62","108","85","11","0","72.94","4","caught","1","v New Zealand","Wellington","3 Apr 2009",2,4
"344","9","25","20","0","1","45.00","4","caught","3","v New Zealand","Wellington","3 Apr 2009",2,4
"345","203","516","347","23","1","58.50","4","caught","2","v Sri Lanka","Colombo (SSC)","26 Jul 2010",2,4
"346","146","465","314","17","2","46.49","4","bowled","2","v South Africa","Cape Town","2 Jan 2011",2,4
"347","14*","146","91","0","0","15.38","4","not out","4","v South Africa","Cape Town","2 Jan 2011",2,4
